<?xml version='1.0' encoding='UTF-8'?>
<assembly xmlns="http://maven.apache.org/plugins/maven-assembly-plugin/assembly/1.1.2"
    xmlns:xsi="http://www.w3.org/2001/XMLSchema-instance"
    xsi:schemaLocation="http://maven.apache.org/plugins/maven-assembly-plugin/assembly/1.1.2 http://maven.apache.org/xsd/assembly-1.1.2.xsd">

  <id>distribution</id>

  <formats>
    <format>zip</format>
  </formats>

  <fileSets>

    <fileSet>
      <directory>${project.basedir}</directory>
      <includes>
        <include>README*</include>
        <include>LICENSE*</include>
        <include>NOTICE*</include>
        <include>CHANGES*</include>
        <include>pom.xml</include>
        <include>build.xml</include>
      </includes>
      <useDefaultExcludes>true</useDefaultExcludes>
    </fileSet>

    <fileSet>
      <directory>${project.basedir}/src</directory>
      <outputDirectory>src</outputDirectory>
      <useDefaultExcludes>true</useDefaultExcludes>
    </fileSet>

  </fileSets>

</assembly>